{
  "accuracy_by_split": {
    "test": 0.47536012130401817,
    "train": 0.48846960167714887
  },
  "created_at": "2026-07-15 12:07:51 UTC",
  "eval_results": "/root/gsm8k_single_language_experiment/swh_Latn/eval/eval_results.parquet",
  "expected_rows": 52752,
  "format_failure_recovered_correct": 1449,
  "missing_preview": [],
  "missing_rows": 0,
  "num_rows": 52752,
  "overall_accuracy": 0.48650288140734,
  "relaxed_accuracy_by_split": {
    "test": 0.5037907505686126,
    "train": 0.5159462955528793
  },
  "relaxed_last_number_accuracy": 0.5141226872914771,
  "relaxed_prediction_none": 24,
  "relaxed_prediction_none_rate": 0.00045495905368516835,
  "strict_accuracy_by_split": {
    "test": 0.47536012130401817,
    "train": 0.48846960167714887
  },
  "strict_else_relaxed_accuracy": 0.513971034273582,
  "strict_else_relaxed_accuracy_by_split": {
    "test": 0.5036643922163255,
    "train": 0.5157901779740399
  },
  "strict_format_accuracy": 0.48650288140734,
  "strict_prediction_none": 13842,
  "strict_prediction_none_rate": 0.26239763421292084
}